x;y;z
0,1406293;0,2939543;-0,9768364
0,1406293;0,2939543;-0,9768364
0,1406293;0,2939543;-0,9768364
0,1406293;0,2939543;-0,9768364
0,1406293;0,2939543;-0,9768364
0,1406293;0,2939543;-0,9768364
0,1406293;0,2939543;-0,9768364
0,1406293;0,2939543;-0,9768364
0,1691946;0,2312082;-0,9416792
0,1691946;0,2312082;-0,9416792
0,1691946;0,2312082;-0,9416792
0,1691946;0,2312082;-0,9416792
0,1691946;0,2312082;-0,9416792
0,1691946;0,2312082;-0,9416792
0,1691946;0,2312082;-0,9416792
0,1691946;0,2312082;-0,9416792
0,1691946;0,2312082;-0,9416792
0,1691946;0,2312082;-0,9416792
0,1955626;0,1750542;-0,9724419
0,1955626;0,1750542;-0,9724419
0,1955626;0,1750542;-0,9724419
0,1955626;0,1750542;-0,9724419
0,1955626;0,1750542;-0,9724419
0,1955626;0,1750542;-0,9724419
0,1955626;0,1750542;-0,9724419
0,1955626;0,1750542;-0,9724419
0,1955626;0,1750542;-0,9724419
0,1955626;0,1750542;-0,9724419
0,1955626;0,1750542;-0,9724419
0,1955626;0,1750542;-0,9724419
0,1984924;0,1826228;-0,9358196
0,1984924;0,1826228;-0,9358196
0,1984924;0,1826228;-0,9358196
0,1984924;0,1826228;-0,9358196
0,1984924;0,1826228;-0,9358196
0,1984924;0,1826228;-0,9358196
0,1984924;0,1826228;-0,9358196
0,1984924;0,1826228;-0,9358196
0,1984924;0,1826228;-0,9358196
0,1984924;0,1826228;-0,9358196
0,1984924;0,1826228;-0,9358196
0,1984924;0,1826228;-0,9358196
0,1984924;0,1826228;-0,9358196
0,1984924;0,1826228;-0,9358196
0,1938536;0,1948302;-0,908475
0,1938536;0,1948302;-0,908475
0,1938536;0,1948302;-0,908475
0,1938536;0,1948302;-0,908475
0,1938536;0,1948302;-0,908475
0,1938536;0,1948302;-0,908475
0,1938536;0,1948302;-0,908475
0,1938536;0,1948302;-0,908475
0,1955626;0,1970275;-0,9028596
0,1955626;0,1970275;-0,9028596
0,1955626;0,1970275;-0,9028596
0,1955626;0,1970275;-0,9028596
0,1955626;0,1970275;-0,9028596
0,1955626;0,1970275;-0,9028596
0,1955626;0,1970275;-0,9028596
0,1955626;0,1970275;-0,9028596
0,1955626;0,1970275;-0,9028596
0,1955626;0,1970275;-0,9028596
0,1955626;0,1970275;-0,9028596
0,1955626;0,1970275;-0,9028596
0,1936094;0,2141179;-0,9424115
0,1936094;0,2141179;-0,9424115
0,1936094;0,2141179;-0,9424115
0,1936094;0,2141179;-0,9424115
0,1936094;0,2141179;-0,9424115
0,1936094;0,2141179;-0,9424115
0,1936094;0,2141179;-0,9424115
0,1936094;0,2141179;-0,9424115
0,1936094;0,2141179;-0,9424115
0,1936094;0,2141179;-0,9424115
0,1831111;0,2099673;-0,9482711
0,1831111;0,2099673;-0,9482711
0,1831111;0,2099673;-0,9482711
0,1831111;0,2099673;-0,9482711
0,1831111;0,2099673;-0,9482711
0,1831111;0,2099673;-0,9482711
0,1831111;0,2099673;-0,9482711
0,1831111;0,2099673;-0,9482711
0,1831111;0,2099673;-0,9482711
0,1831111;0,2099673;-0,9482711
0,1831111;0,2099673;-0,9482711
0,1831111;0,2099673;-0,9482711
0,2128971;0,1987365;-0,9209265
0,2128971;0,1987365;-0,9209265
0,2128971;0,1987365;-0,9209265
0,2128971;0,1987365;-0,9209265
0,2128971;0,1987365;-0,9209265
0,2128971;0,1987365;-0,9209265
0,2128971;0,1987365;-0,9209265
0,2128971;0,1987365;-0,9209265
0,2128971;0,1987365;-0,9209265
0,2128971;0,1987365;-0,9209265
0,2128971;0,1987365;-0,9209265
0,2128971;0,1987365;-0,9209265
0,2419508;0,1560106;-0,9106723
0,2419508;0,1560106;-0,9106723
0,2419508;0,1560106;-0,9106723
0,2419508;0,1560106;-0,9106723
0,2419508;0,1560106;-0,9106723
0,2419508;0,1560106;-0,9106723
0,2419508;0,1560106;-0,9106723
0,2419508;0,1560106;-0,9106723
0,2419508;0,1560106;-0,9106723
0,2419508;0,1560106;-0,9106723
0,2419508;0,1560106;-0,9106723
0,2419508;0,1560106;-0,9106723
0,2419508;0,1560106;-0,9106723
0,2419508;0,1560106;-0,9106723
0,2419508;0,1560106;-0,9106723
0,2419508;0,1560106;-0,9106723
0,1428266;0,05005036;-0,9741509
0,1428266;0,05005036;-0,9741509
0,1428266;0,05005036;-0,9741509
0,1428266;0,05005036;-0,9741509
0,1428266;0,05005036;-0,9741509
0,1428266;0,05005036;-0,9741509
0,1428266;0,05005036;-0,9741509
0,1428266;0,05005036;-0,9741509
0,1428266;0,05005036;-0,9741509
0,1428266;0,05005036;-0,9741509
0,1428266;0,05005036;-0,9741509
0,1428266;0,05005036;-0,9741509
0,1428266;0,05005036;-0,9741509
0,1428266;0,05005036;-0,9741509
0,1311075;0,04980621;-1,076205
0,1311075;0,04980621;-1,076205
0,1311075;0,04980621;-1,076205
0,1311075;0,04980621;-1,076205
0,1311075;0,04980621;-1,076205
0,1311075;0,04980621;-1,076205
0,1311075;0,04980621;-1,076205
0,1311075;0,04980621;-1,076205
0,1311075;0,04980621;-1,076205
0,1311075;0,04980621;-1,076205
0,09204382;0,05908383;-1,034944
0,09204382;0,05908383;-1,034944
0,09204382;0,05908383;-1,034944
0,09204382;0,05908383;-1,034944
0,09204382;0,05908383;-1,034944
0,09204382;0,05908383;-1,034944
0,09204382;0,05908383;-1,034944
0,09204382;0,05908383;-1,034944
0,09204382;0,05908383;-1,034944
0,09204382;0,05908383;-1,034944
0,09204382;0,05908383;-1,034944
0,09204382;0,05908383;-1,034944
0,09204382;0,05908383;-1,034944
0,09204382;0,05908383;-1,034944
0,07300027;0,02392651;-0,9919736
0,07300027;0,02392651;-0,9919736
0,07300027;0,02392651;-0,9919736
0,07300027;0,02392651;-0,9919736
0,07300027;0,02392651;-0,9919736
0,07300027;0,02392651;-0,9919736
0,07300027;0,02392651;-0,9919736
0,07300027;0,02392651;-0,9919736
0,07300027;0,02392651;-0,9919736
0,07300027;0,02392651;-0,9919736
0,07300027;0,02392651;-0,9919736
0,07300027;0,02392651;-0,9919736
0,07300027;0,02392651;-0,9919736
0,07300027;0,02392651;-0,9919736
0,07739494;-0,07983642;-1,007599
0,07739494;-0,07983642;-1,007599
0,07739494;-0,07983642;-1,007599
0,07739494;-0,07983642;-1,007599
0,07739494;-0,07983642;-1,007599
0,07739494;-0,07983642;-1,007599
0,07739494;-0,07983642;-1,007599
0,07739494;-0,07983642;-1,007599
0,07739494;-0,07983642;-1,007599
0,07739494;-0,07983642;-1,007599
0,07739494;-0,07983642;-1,007599
0,07739494;-0,07983642;-1,007599
0,1362346;-0,08154546;-1,291299
0,1362346;-0,08154546;-1,291299
0,1362346;-0,08154546;-1,291299
0,1362346;-0,08154546;-1,291299
0,1362346;-0,08154546;-1,291299
0,1362346;-0,08154546;-1,291299
0,1362346;-0,08154546;-1,291299
0,1362346;-0,08154546;-1,291299
0,1362346;-0,08154546;-1,291299
0,1362346;-0,08154546;-1,291299
0,1362346;-0,08154546;-1,291299
0,1362346;-0,08154546;-1,291299
0,1362346;-0,08154546;-1,291299
0,1362346;-0,08154546;-1,291299
0,1201209;-0,1218299;-1,323038
0,1201209;-0,1218299;-1,323038
0,1201209;-0,1218299;-1,323038
0,1201209;-0,1218299;-1,323038
0,1201209;-0,1218299;-1,323038
0,1201209;-0,1218299;-1,323038
0,1201209;-0,1218299;-1,323038
0,1201209;-0,1218299;-1,323038
0,1201209;-0,1218299;-1,323038
0,1201209;-0,1218299;-1,323038
0,1201209;-0,1218299;-1,323038
0,1201209;-0,1218299;-1,323038
0,1201209;-0,1218299;-1,323038
0,1201209;-0,1218299;-1,323038
0,1201209;-0,1218299;-1,323038
0,1201209;-0,1218299;-1,323038
0,1264687;-0,2365795;-1,026399
0,1264687;-0,2365795;-1,026399
0,1264687;-0,2365795;-1,026399
0,1264687;-0,2365795;-1,026399
0,1264687;-0,2365795;-1,026399
0,1264687;-0,2365795;-1,026399
0,1264687;-0,2365795;-1,026399
0,1264687;-0,2365795;-1,026399
0,1264687;-0,2365795;-1,026399
0,1264687;-0,2365795;-1,026399
0,1264687;-0,2365795;-1,026399
0,1264687;-0,2365795;-1,026399
0,1264687;-0,2365795;-1,026399
0,1264687;-0,2365795;-1,026399
0,1264687;-0,2365795;-1,026399
0,1264687;-0,2365795;-1,026399
0,1386761;-0,4045534;-0,8835719
0,1386761;-0,4045534;-0,8835719
0,1386761;-0,4045534;-0,8835719
0,1386761;-0,4045534;-0,8835719
0,1386761;-0,4045534;-0,8835719
0,1386761;-0,4045534;-0,8835719
0,1386761;-0,4045534;-0,8835719
0,1386761;-0,4045534;-0,8835719
0,1386761;-0,4045534;-0,8835719
0,1386761;-0,4045534;-0,8835719
0,1386761;-0,4045534;-0,8835719
0,1386761;-0,4045534;-0,8835719
0,1386761;-0,4045534;-0,8835719
0,1386761;-0,4045534;-0,8835719
0,1953185;-0,6819056;-1,0347
0,1953185;-0,6819056;-1,0347
0,1953185;-0,6819056;-1,0347
0,1953185;-0,6819056;-1,0347
0,1953185;-0,6819056;-1,0347
0,1953185;-0,6819056;-1,0347
0,1953185;-0,6819056;-1,0347
0,1953185;-0,6819056;-1,0347
0,1621143;-0,6867886;-0,9985657
0,1621143;-0,6867886;-0,9985657
0,1621143;-0,6867886;-0,9985657
0,1621143;-0,6867886;-0,9985657
0,1621143;-0,6867886;-0,9985657
0,1621143;-0,6867886;-0,9985657
0,1621143;-0,6867886;-0,9985657
0,1621143;-0,6867886;-0,9985657
0,1621143;-0,6867886;-0,9985657
0,1621143;-0,6867886;-0,9985657
0,1621143;-0,6867886;-0,9985657
0,1621143;-0,6867886;-0,9985657
0,2631916;-0,8073977;-0,610126
0,2631916;-0,8073977;-0,610126
0,2631916;-0,8073977;-0,610126
0,2631916;-0,8073977;-0,610126
0,2631916;-0,8073977;-0,610126
0,2631916;-0,8073977;-0,610126
0,2631916;-0,8073977;-0,610126
0,2631916;-0,8073977;-0,610126
0,2631916;-0,8073977;-0,610126
0,2631916;-0,8073977;-0,610126
0,2631916;-0,8073977;-0,610126
0,2631916;-0,8073977;-0,610126
0,2631916;-0,8073977;-0,610126
0,2631916;-0,8073977;-0,610126
0,2631916;-0,8073977;-0,610126
0,2631916;-0,8073977;-0,610126
0,281991;-0,8513443;-0,5898618
0,281991;-0,8513443;-0,5898618
0,281991;-0,8513443;-0,5898618
0,281991;-0,8513443;-0,5898618
0,281991;-0,8513443;-0,5898618
0,281991;-0,8513443;-0,5898618
0,281991;-0,8513443;-0,5898618
0,281991;-0,8513443;-0,5898618
0,281991;-0,8513443;-0,5898618
0,281991;-0,8513443;-0,5898618
0,281991;-0,8513443;-0,5898618
0,281991;-0,8513443;-0,5898618
0,3483993;-0,5808282;-0,7146214
0,3483993;-0,5808282;-0,7146214
0,3483993;-0,5808282;-0,7146214
0,3483993;-0,5808282;-0,7146214
0,3483993;-0,5808282;-0,7146214
0,3483993;-0,5808282;-0,7146214
0,3483993;-0,5808282;-0,7146214
0,3483993;-0,5808282;-0,7146214
0,3483993;-0,5808282;-0,7146214
0,3483993;-0,5808282;-0,7146214
0,3483993;-0,5808282;-0,7146214
0,3483993;-0,5808282;-0,7146214
0,3483993;-0,5808282;-0,7146214
0,3483993;-0,5808282;-0,7146214
0,3483993;-0,5808282;-0,7146214
0,3483993;-0,5808282;-0,7146214
0,3210547;-0,6096377;-0,7358623
0,3210547;-0,6096377;-0,7358623
0,3210547;-0,6096377;-0,7358623
0,3210547;-0,6096377;-0,7358623
0,3210547;-0,6096377;-0,7358623
0,3210547;-0,6096377;-0,7358623
0,3210547;-0,6096377;-0,7358623
0,3210547;-0,6096377;-0,7358623
0,3210547;-0,6096377;-0,7358623
0,3210547;-0,6096377;-0,7358623
0,3210547;-0,6096377;-0,7358623
0,3210547;-0,6096377;-0,7358623
0,3210547;-0,6096377;-0,7358623
0,3210547;-0,6096377;-0,7358623
0,4694968;-0,8799097;-0,3364361
0,4694968;-0,8799097;-0,3364361
0,4694968;-0,8799097;-0,3364361
0,4694968;-0,8799097;-0,3364361
0,4694968;-0,8799097;-0,3364361
0,4694968;-0,8799097;-0,3364361
0,4694968;-0,8799097;-0,3364361
0,4694968;-0,8799097;-0,3364361
0,4694968;-0,8799097;-0,3364361
0,4694968;-0,8799097;-0,3364361
0,4694968;-0,8799097;-0,3364361
0,4694968;-0,8799097;-0,3364361
0,4694968;-0,8799097;-0,3364361
0,4694968;-0,8799097;-0,3364361
0,4773095;-0,8894315;-0,2920011
0,4773095;-0,8894315;-0,2920011
0,4773095;-0,8894315;-0,2920011
0,4773095;-0,8894315;-0,2920011
0,4773095;-0,8894315;-0,2920011
0,4773095;-0,8894315;-0,2920011
0,4773095;-0,8894315;-0,2920011
0,4773095;-0,8894315;-0,2920011
0,4773095;-0,8894315;-0,2920011
0,4773095;-0,8894315;-0,2920011
0,4773095;-0,8894315;-0,2920011
0,4773095;-0,8894315;-0,2920011
0,4773095;-0,8894315;-0,2920011
0,4773095;-0,8894315;-0,2920011
0,4536271;-0,746849;-0,03344829
0,4536271;-0,746849;-0,03344829
0,4536271;-0,746849;-0,03344829
0,4536271;-0,746849;-0,03344829
0,4536271;-0,746849;-0,03344829
0,4536271;-0,746849;-0,03344829
0,4536271;-0,746849;-0,03344829
0,4536271;-0,746849;-0,03344829
0,4536271;-0,746849;-0,03344829
0,4536271;-0,746849;-0,03344829
0,4536271;-0,746849;-0,03344829
0,4536271;-0,746849;-0,03344829
0,5112461;-0,7319559;0,1403852
0,5112461;-0,7319559;0,1403852
0,5112461;-0,7319559;0,1403852
0,5112461;-0,7319559;0,1403852
0,5112461;-0,7319559;0,1403852
0,5112461;-0,7319559;0,1403852
0,5112461;-0,7319559;0,1403852
0,5112461;-0,7319559;0,1403852
0,5112461;-0,7319559;0,1403852
0,5112461;-0,7319559;0,1403852
0,5112461;-0,7319559;0,1403852
0,5112461;-0,7319559;0,1403852
0,4577777;-0,3654897;0,1323283
0,4577777;-0,3654897;0,1323283
0,4577777;-0,3654897;0,1323283
0,4577777;-0,3654897;0,1323283
0,4577777;-0,3654897;0,1323283
0,4577777;-0,3654897;0,1323283
0,4577777;-0,3654897;0,1323283
0,4577777;-0,3654897;0,1323283
0,4577777;-0,3654897;0,1323283
0,4577777;-0,3654897;0,1323283
0,4577777;-0,3654897;0,1323283
0,4577777;-0,3654897;0,1323283
0,4736473;-0,04785302;0,03369243
0,4736473;-0,04785302;0,03369243
0,4736473;-0,04785302;0,03369243
0,4736473;-0,04785302;0,03369243
0,4736473;-0,04785302;0,03369243
0,4736473;-0,04785302;0,03369243
0,4736473;-0,04785302;0,03369243
0,4736473;-0,04785302;0,03369243
0,4736473;-0,04785302;0,03369243
0,4736473;-0,04785302;0,03369243
0,4736473;-0,04785302;0,03369243
0,4736473;-0,04785302;0,03369243
0,4736473;-0,04785302;0,03369243
0,4736473;-0,04785302;0,03369243
0,7085177;0,007324443;0,6006042
0,7085177;0,007324443;0,6006042
0,7085177;0,007324443;0,6006042
0,7085177;0,007324443;0,6006042
0,7085177;0,007324443;0,6006042
0,7085177;0,007324443;0,6006042
0,7085177;0,007324443;0,6006042
0,7085177;0,007324443;0,6006042
0,7085177;0,007324443;0,6006042
0,7085177;0,007324443;0,6006042
0,7085177;0,007324443;0,6006042
0,7085177;0,007324443;0,6006042
0,7085177;0,007324443;0,6006042
0,7085177;0,007324443;0,6006042
0,7085177;0,007324443;0,6006042
0,7085177;0,007324443;0,6006042
0,7085177;0,007324443;0,6006042
0,7085177;0,007324443;0,6006042
0,6794641;0,1933653;0,7112033
0,6794641;0,1933653;0,7112033
0,6794641;0,1933653;0,7112033
0,6794641;0,1933653;0,7112033
0,6794641;0,1933653;0,7112033
0,6794641;0,1933653;0,7112033
0,6794641;0,1933653;0,7112033
0,6794641;0,1933653;0,7112033
0,6794641;0,1933653;0,7112033
0,6794641;0,1933653;0,7112033
0,6794641;0,1933653;0,7112033
0,6794641;0,1933653;0,7112033
0,7602772;0,6767785;0,5747246
0,7602772;0,6767785;0,5747246
0,7602772;0,6767785;0,5747246
0,7602772;0,6767785;0,5747246
0,7602772;0,6767785;0,5747246
0,7602772;0,6767785;0,5747246
0,7602772;0,6767785;0,5747246
0,7602772;0,6767785;0,5747246
0,7602772;0,6767785;0,5747246
0,7602772;0,6767785;0,5747246
0,7602772;0,6767785;0,5747246
0,7602772;0,6767785;0,5747246
0,7265847;0,7529527;0,6267281
0,7265847;0,7529527;0,6267281
0,7265847;0,7529527;0,6267281
0,7265847;0,7529527;0,6267281
0,7265847;0,7529527;0,6267281
0,7265847;0,7529527;0,6267281
0,7265847;0,7529527;0,6267281
0,7265847;0,7529527;0,6267281
0,7265847;0,7529527;0,6267281
0,7265847;0,7529527;0,6267281
0,6355175;0,6777551;0,5398114
0,6355175;0,6777551;0,5398114
0,6355175;0,6777551;0,5398114
0,6355175;0,6777551;0,5398114
0,6355175;0,6777551;0,5398114
0,6355175;0,6777551;0,5398114
0,6355175;0,6777551;0,5398114
0,6355175;0,6777551;0,5398114
0,6355175;0,6777551;0,5398114
0,6355175;0,6777551;0,5398114
0,6355175;0,6777551;0,5398114
0,6355175;0,6777551;0,5398114
0,6355175;0,6777551;0,5398114
0,6355175;0,6777551;0,5398114
0,6355175;0,6777551;0,5398114
0,6355175;0,6777551;0,5398114
0,5720389;0,835963;0,3901486
0,5720389;0,835963;0,3901486
0,5720389;0,835963;0,3901486
0,5720389;0,835963;0,3901486
0,5720389;0,835963;0,3901486
0,5720389;0,835963;0,3901486
0,5720389;0,835963;0,3901486
0,5720389;0,835963;0,3901486
0,5720389;0,835963;0,3901486
0,5720389;0,835963;0,3901486
0,5720389;0,835963;0,3901486
0,5720389;0,835963;0,3901486
0,5720389;0,835963;0,3901486
0,5720389;0,835963;0,3901486
0,4990387;0,5402997;-0,3068942
0,4990387;0,5402997;-0,3068942
0,4990387;0,5402997;-0,3068942
0,4990387;0,5402997;-0,3068942
0,4990387;0,5402997;-0,3068942
0,4990387;0,5402997;-0,3068942
0,4990387;0,5402997;-0,3068942
0,4990387;0,5402997;-0,3068942
0,4990387;0,5402997;-0,3068942
0,4990387;0,5402997;-0,3068942
0,4990387;0,5402997;-0,3068942
0,4990387;0,5402997;-0,3068942
0,4990387;0,5402997;-0,3068942
0,4990387;0,5402997;-0,3068942
0,4990387;0,5402997;-0,3068942
0,4990387;0,5402997;-0,3068942
0,4990387;0,5402997;-0,3068942
0,4990387;0,5402997;-0,3068942
0,4990387;0,5402997;-0,3068942
0,4990387;0,5402997;-0,3068942
0,4990387;0,5402997;-0,3068942
0,4990387;0,5402997;-0,3068942
0,4990387;0,5402997;-0,3068942
0,4990387;0,5402997;-0,3068942
0,4990387;0,5402997;-0,3068942
0,4990387;0,5402997;-0,3068942
0,4990387;0,5402997;-0,3068942
0,4990387;0,5402997;-0,3068942
0,38258;0,6057314;-0,5774102
0,38258;0,6057314;-0,5774102
0,38258;0,6057314;-0,5774102
0,38258;0,6057314;-0,5774102
0,38258;0,6057314;-0,5774102
0,38258;0,6057314;-0,5774102
0,38258;0,6057314;-0,5774102
0,38258;0,6057314;-0,5774102
0,38258;0,6057314;-0,5774102
0,38258;0,6057314;-0,5774102
0,38258;0,6057314;-0,5774102
0,38258;0,6057314;-0,5774102
0,3112888;0,3960082;-0,8115482
0,3112888;0,3960082;-0,8115482
0,3112888;0,3960082;-0,8115482
0,3112888;0,3960082;-0,8115482
0,3112888;0,3960082;-0,8115482
0,3112888;0,3960082;-0,8115482
0,3112888;0,3960082;-0,8115482
0,3112888;0,3960082;-0,8115482
0,3112888;0,3960082;-0,8115482
0,3112888;0,3960082;-0,8115482
0,3112888;0,3960082;-0,8115482
0,3112888;0,3960082;-0,8115482
0,3112888;0,3960082;-0,8115482
0,3112888;0,3960082;-0,8115482
0,2514725;0,6902066;-0,7605213
0,2514725;0,6902066;-0,7605213
0,2514725;0,6902066;-0,7605213
0,2514725;0,6902066;-0,7605213
0,2514725;0,6902066;-0,7605213
0,2514725;0,6902066;-0,7605213
0,2514725;0,6902066;-0,7605213
0,2514725;0,6902066;-0,7605213
0,2514725;0,6902066;-0,7605213
0,2514725;0,6902066;-0,7605213
0,2514725;0,6902066;-0,7605213
0,2514725;0,6902066;-0,7605213
0,09643849;0,8120365;-0,8823512
0,09643849;0,8120365;-0,8823512
0,09643849;0,8120365;-0,8823512
0,09643849;0,8120365;-0,8823512
0,09643849;0,8120365;-0,8823512
0,09643849;0,8120365;-0,8823512
0,09643849;0,8120365;-0,8823512
0,09643849;0,8120365;-0,8823512
0,09643849;0,8120365;-0,8823512
0,09643849;0,8120365;-0,8823512
0,09643849;0,8120365;-0,8823512
0,09643849;0,8120365;-0,8823512
0,09643849;0,8120365;-0,8823512
0,09643849;0,8120365;-0,8823512
0,0634785;0,7190161;-0,9944152
0,0634785;0,7190161;-0,9944152
0,0634785;0,7190161;-0,9944152
0,0634785;0,7190161;-0,9944152
0,0634785;0,7190161;-0,9944152
0,0634785;0,7190161;-0,9944152
0,0634785;0,7190161;-0,9944152
0,0634785;0,7190161;-0,9944152
0,0634785;0,7190161;-0,9944152
0,0634785;0,7190161;-0,9944152
0,0634785;0,7190161;-0,9944152
0,0634785;0,7190161;-0,9944152
0,0634785;0,7190161;-0,9944152
0,0634785;0,7190161;-0,9944152
0,1018097;0,7409894;-0,9170201
0,1018097;0,7409894;-0,9170201
0,1018097;0,7409894;-0,9170201
0,1018097;0,7409894;-0,9170201
0,1018097;0,7409894;-0,9170201
0,1018097;0,7409894;-0,9170201
0,1018097;0,7409894;-0,9170201
0,1018097;0,7409894;-0,9170201
0,1018097;0,7409894;-0,9170201
0,1018097;0,7409894;-0,9170201
0,1018097;0,7409894;-0,9170201
0,1018097;0,7409894;-0,9170201
0,1018097;0,7409894;-0,9170201
0,1018097;0,7409894;-0,9170201
0,1018097;0,7409894;-0,9170201
0,1018097;0,7409894;-0,9170201
0,08642842;0,7292703;-0,8388928
0,08642842;0,7292703;-0,8388928
0,08642842;0,7292703;-0,8388928
0,08642842;0,7292703;-0,8388928
0,08642842;0,7292703;-0,8388928
0,08642842;0,7292703;-0,8388928
0,08642842;0,7292703;-0,8388928
0,08642842;0,7292703;-0,8388928
0,08642842;0,7292703;-0,8388928
0,08642842;0,7292703;-0,8388928
0,08642842;0,7292703;-0,8388928
0,08642842;0,7292703;-0,8388928
0,08642842;0,7292703;-0,8388928
0,08642842;0,7292703;-0,8388928
0,04052858;0,6684774;-0,9927061
0,04052858;0,6684774;-0,9927061
0,04052858;0,6684774;-0,9927061
0,04052858;0,6684774;-0,9927061
0,04052858;0,6684774;-0,9927061
0,04052858;0,6684774;-0,9927061
0,04052858;0,6684774;-0,9927061
0,04052858;0,6684774;-0,9927061
0,04052858;0,6684774;-0,9927061
0,04052858;0,6684774;-0,9927061
0,04052858;0,6684774;-0,9927061
0,04052858;0,6684774;-0,9927061
0,05932799;0,6706748;-0,9189734
0,05932799;0,6706748;-0,9189734
0,05932799;0,6706748;-0,9189734
0,05932799;0,6706748;-0,9189734
0,05932799;0,6706748;-0,9189734
0,05932799;0,6706748;-0,9189734
0,05932799;0,6706748;-0,9189734
0,05932799;0,6706748;-0,9189734
0,05932799;0,6706748;-0,9189734
0,05932799;0,6706748;-0,9189734
0,05932799;0,6706748;-0,9189734
0,05932799;0,6706748;-0,9189734
-0,1486862;0,1662648;-0,9914854
-0,1486862;0,1662648;-0,9914854
-0,1486862;0,1662648;-0,9914854
-0,1486862;0,1662648;-0,9914854
-0,1486862;0,1662648;-0,9914854
-0,1486862;0,1662648;-0,9914854
-0,1486862;0,1662648;-0,9914854
-0,1486862;0,1662648;-0,9914854
-0,1486862;0,1662648;-0,9914854
-0,1486862;0,1662648;-0,9914854
-0,1486862;0,1662648;-0,9914854
-0,1486862;0,1662648;-0,9914854
-0,2280343;-0,03173925;-1,142369
-0,2280343;-0,03173925;-1,142369
-0,2280343;-0,03173925;-1,142369
-0,2280343;-0,03173925;-1,142369
-0,2280343;-0,03173925;-1,142369
-0,2280343;-0,03173925;-1,142369
-0,2280343;-0,03173925;-1,142369
-0,2280343;-0,03173925;-1,142369
-0,2280343;-0,03173925;-1,142369
-0,2280343;-0,03173925;-1,142369
-0,2280343;-0,03173925;-1,142369
-0,2280343;-0,03173925;-1,142369
-0,2280343;-0,03173925;-1,142369
-0,2280343;-0,03173925;-1,142369
-0,2280343;-0,03173925;-1,142369
-0,2280343;-0,03173925;-1,142369
-0,2165594;-0,410657;-1,250038
-0,2165594;-0,410657;-1,250038
-0,2165594;-0,410657;-1,250038
-0,2165594;-0,410657;-1,250038
-0,2165594;-0,410657;-1,250038
-0,2165594;-0,410657;-1,250038
-0,2165594;-0,410657;-1,250038
-0,2165594;-0,410657;-1,250038
-0,2165594;-0,410657;-1,250038
-0,2165594;-0,410657;-1,250038
-0,2165594;-0,410657;-1,250038
-0,2165594;-0,410657;-1,250038
-0,2165594;-0,410657;-1,250038
-0,2165594;-0,410657;-1,250038
-0,2146062;-0,3630482;-0,806177
-0,2146062;-0,3630482;-0,806177
-0,2146062;-0,3630482;-0,806177
-0,2146062;-0,3630482;-0,806177
-0,2146062;-0,3630482;-0,806177
-0,2146062;-0,3630482;-0,806177
-0,2146062;-0,3630482;-0,806177
-0,2146062;-0,3630482;-0,806177
-0,2146062;-0,3630482;-0,806177
-0,2146062;-0,3630482;-0,806177
-0,2146062;-0,3630482;-0,806177
-0,2146062;-0,3630482;-0,806177
-0,2146062;-0,3630482;-0,806177
-0,2146062;-0,3630482;-0,806177
-0,1743217;-0,7029023;-0,7490463
-0,1743217;-0,7029023;-0,7490463
-0,1743217;-0,7029023;-0,7490463
-0,1743217;-0,7029023;-0,7490463
-0,1743217;-0,7029023;-0,7490463
-0,1743217;-0,7029023;-0,7490463
-0,1743217;-0,7029023;-0,7490463
-0,1743217;-0,7029023;-0,7490463
-0,1743217;-0,7029023;-0,7490463
-0,1743217;-0,7029023;-0,7490463
-0,1743217;-0,7029023;-0,7490463
-0,1743217;-0,7029023;-0,7490463
-0,1743217;-0,7029023;-0,7490463
-0,1743217;-0,7029023;-0,7490463
-0,1875057;-0,8808863;-0,9797662
-0,1875057;-0,8808863;-0,9797662
-0,1875057;-0,8808863;-0,9797662
-0,1875057;-0,8808863;-0,9797662
-0,1875057;-0,8808863;-0,9797662
-0,1875057;-0,8808863;-0,9797662
-0,1875057;-0,8808863;-0,9797662
-0,1875057;-0,8808863;-0,9797662
-0,1875057;-0,8808863;-0,9797662
-0,1875057;-0,8808863;-0,9797662
-0,1875057;-0,8808863;-0,9797662
-0,1875057;-0,8808863;-0,9797662
-0,1875057;-0,8808863;-0,9797662
-0,1875057;-0,8808863;-0,9797662
-0,03393658;-0,958037;-0,834254
-0,03393658;-0,958037;-0,834254
-0,03393658;-0,958037;-0,834254
-0,03393658;-0,958037;-0,834254
-0,03393658;-0,958037;-0,834254
-0,03393658;-0,958037;-0,834254
-0,03393658;-0,958037;-0,834254
-0,03393658;-0,958037;-0,834254
-0,03393658;-0,958037;-0,834254
-0,03393658;-0,958037;-0,834254
-0,03393658;-0,958037;-0,834254
-0,03393658;-0,958037;-0,834254
-0,03393658;-0,958037;-0,834254
-0,03393658;-0,958037;-0,834254
0,04956206;-1,018098;-0,4611957
0,04956206;-1,018098;-0,4611957
0,04956206;-1,018098;-0,4611957
0,04956206;-1,018098;-0,4611957
0,04956206;-1,018098;-0,4611957
0,04956206;-1,018098;-0,4611957
0,04956206;-1,018098;-0,4611957
0,04956206;-1,018098;-0,4611957
0,04956206;-1,018098;-0,4611957
0,04956206;-1,018098;-0,4611957
0,04956206;-1,018098;-0,4611957
0,04956206;-1,018098;-0,4611957
0,07861568;-1,110141;-0,41554
0,07861568;-1,110141;-0,41554
0,07861568;-1,110141;-0,41554
0,07861568;-1,110141;-0,41554
0,07861568;-1,110141;-0,41554
0,07861568;-1,110141;-0,41554
0,07861568;-1,110141;-0,41554
0,07861568;-1,110141;-0,41554
0,07861568;-1,110141;-0,41554
0,07861568;-1,110141;-0,41554
0,07861568;-1,110141;-0,41554
0,07861568;-1,110141;-0,41554
0,155034;-1,31962;-0,3872189
0,155034;-1,31962;-0,3872189
0,155034;-1,31962;-0,3872189
0,155034;-1,31962;-0,3872189
0,155034;-1,31962;-0,3872189
0,155034;-1,31962;-0,3872189
0,155034;-1,31962;-0,3872189
0,155034;-1,31962;-0,3872189
0,155034;-1,31962;-0,3872189
0,155034;-1,31962;-0,3872189
0,155034;-1,31962;-0,3872189
0,155034;-1,31962;-0,3872189
0,09448531;-1,265908;-0,1660207
0,09448531;-1,265908;-0,1660207
0,09448531;-1,265908;-0,1660207
0,09448531;-1,265908;-0,1660207
0,09448531;-1,265908;-0,1660207
0,09448531;-1,265908;-0,1660207
0,09448531;-1,265908;-0,1660207
0,09448531;-1,265908;-0,1660207
0,09448531;-1,265908;-0,1660207
0,09448531;-1,265908;-0,1660207
0,09448531;-1,265908;-0,1660207
0,09448531;-1,265908;-0,1660207
0,09448531;-1,265908;-0,1660207
0,09448531;-1,265908;-0,1660207
0,09448531;-1,265908;-0,1660207
0,09448531;-1,265908;-0,1660207
0,09448531;-1,265908;-0,1660207
0,09448531;-1,265908;-0,1660207
0,09448531;-1,265908;-0,1660207
0,09448531;-1,265908;-0,1660207
0,09448531;-1,265908;-0,1660207
0,09448531;-1,265908;-0,1660207
0,09448531;-1,265908;-0,1660207
0,09448531;-1,265908;-0,1660207
0,09448531;-1,265908;-0,1660207
0,09448531;-1,265908;-0,1660207
0,09448531;-1,265908;-0,1660207
0,09448531;-1,265908;-0,1660207
0,09448531;-1,265908;-0,1660207
0,09448531;-1,265908;-0,1660207
0,2055727;-1,245155;0,1750542
0,2055727;-1,245155;0,1750542
0,2055727;-1,245155;0,1750542
0,2055727;-1,245155;0,1750542
0,2055727;-1,245155;0,1750542
0,2055727;-1,245155;0,1750542
0,2055727;-1,245155;0,1750542
0,2055727;-1,245155;0,1750542
0,2055727;-1,245155;0,1750542
0,2055727;-1,245155;0,1750542
0,2055727;-1,245155;0,1750542
0,2055727;-1,245155;0,1750542
0,2055727;-1,245155;0,1750542
0,2055727;-1,245155;0,1750542
0,2055727;-1,245155;0,1750542
0,2055727;-1,245155;0,1750542
0,04248177;-1,037141;0,1723685
0,04248177;-1,037141;0,1723685
0,04248177;-1,037141;0,1723685
0,04248177;-1,037141;0,1723685
0,04248177;-1,037141;0,1723685
0,04248177;-1,037141;0,1723685
0,04248177;-1,037141;0,1723685
0,04248177;-1,037141;0,1723685
0,04248177;-1,037141;0,1723685
0,04248177;-1,037141;0,1723685
0,08008057;-0,8698996;0,07104709
0,08008057;-0,8698996;0,07104709
0,08008057;-0,8698996;0,07104709
0,08008057;-0,8698996;0,07104709
0,08008057;-0,8698996;0,07104709
0,08008057;-0,8698996;0,07104709
0,08008057;-0,8698996;0,07104709
0,08008057;-0,8698996;0,07104709
0,08008057;-0,8698996;0,07104709
0,08008057;-0,8698996;0,07104709
0,08008057;-0,8698996;0,07104709
0,08008057;-0,8698996;0,07104709
0,08008057;-0,8698996;0,07104709
0,08008057;-0,8698996;0,07104709
0,2739342;-0,7920163;-0,05835139
0,2739342;-0,7920163;-0,05835139
0,2739342;-0,7920163;-0,05835139
0,2739342;-0,7920163;-0,05835139
0,2739342;-0,7920163;-0,05835139
0,2739342;-0,7920163;-0,05835139
0,2739342;-0,7920163;-0,05835139
0,2739342;-0,7920163;-0,05835139
0,2739342;-0,7920163;-0,05835139
0,2739342;-0,7920163;-0,05835139
0,2739342;-0,7920163;-0,05835139
0,2739342;-0,7920163;-0,05835139
0,2739342;-0,7920163;-0,05835139
0,2739342;-0,7920163;-0,05835139
0,1447798;-0,8249764;0,0375988
0,1447798;-0,8249764;0,0375988
0,1447798;-0,8249764;0,0375988
0,1447798;-0,8249764;0,0375988
0,1447798;-0,8249764;0,0375988
0,1447798;-0,8249764;0,0375988
0,1447798;-0,8249764;0,0375988
0,1447798;-0,8249764;0,0375988
0,1447798;-0,8249764;0,0375988
0,1447798;-0,8249764;0,0375988
0,1447798;-0,8249764;0,0375988
0,1447798;-0,8249764;0,0375988
0,2353587;0,0502945;0,4580218
0,2353587;0,0502945;0,4580218
0,2353587;0,0502945;0,4580218
0,2353587;0,0502945;0,4580218
0,2353587;0,0502945;0,4580218
0,2353587;0,0502945;0,4580218
0,2353587;0,0502945;0,4580218
0,2353587;0,0502945;0,4580218
0,2353587;0,0502945;0,4580218
0,2353587;0,0502945;0,4580218
0,2353587;0,0502945;0,4580218
0,2353587;0,0502945;0,4580218
0,2353587;0,0502945;0,4580218
0,2353587;0,0502945;0,4580218
0,2353587;0,0502945;0,4580218
0,2353587;0,0502945;0,4580218
0,6089053;0,2900479;0,4411756
0,6089053;0,2900479;0,4411756
0,6089053;0,2900479;0,4411756
0,6089053;0,2900479;0,4411756
0,6089053;0,2900479;0,4411756
0,6089053;0,2900479;0,4411756
0,6089053;0,2900479;0,4411756
0,6089053;0,2900479;0,4411756
0,6089053;0,2900479;0,4411756
0,6089053;0,2900479;0,4411756
0,6089053;0,2900479;0,4411756
0,6089053;0,2900479;0,4411756
0,6767785;0,636494;-0,133549
0,6767785;0,636494;-0,133549
0,6767785;0,636494;-0,133549
0,6767785;0,636494;-0,133549
0,6767785;0,636494;-0,133549
0,6767785;0,636494;-0,133549
0,6767785;0,636494;-0,133549
0,6767785;0,636494;-0,133549
0,6767785;0,636494;-0,133549
0,6767785;0,636494;-0,133549
0,6767785;0,636494;-0,133549
0,6767785;0,636494;-0,133549
0,6797082;0,697531;-0,1672414
0,6797082;0,697531;-0,1672414
0,6797082;0,697531;-0,1672414
0,6797082;0,697531;-0,1672414
0,6797082;0,697531;-0,1672414
0,6797082;0,697531;-0,1672414
0,6797082;0,697531;-0,1672414
0,6797082;0,697531;-0,1672414
0,6797082;0,697531;-0,1672414
0,6797082;0,697531;-0,1672414
0,6797082;0,697531;-0,1672414
0,6797082;0,697531;-0,1672414
0,7026582;0,8020265;0,04223762
0,7026582;0,8020265;0,04223762
0,7026582;0,8020265;0,04223762
0,7026582;0,8020265;0,04223762
0,7026582;0,8020265;0,04223762
0,7026582;0,8020265;0,04223762
0,7026582;0,8020265;0,04223762
0,7026582;0,8020265;0,04223762
0,7026582;0,8020265;0,04223762
0,7026582;0,8020265;0,04223762
0,7026582;0,8020265;0,04223762
0,7026582;0,8020265;0,04223762
0,7026582;0,8020265;0,04223762
0,7026582;0,8020265;0,04223762
0,7026582;0,8020265;0,04223762
0,7026582;0,8020265;0,04223762
0,7094944;0,7610096;-0,1032746
0,7094944;0,7610096;-0,1032746
0,7094944;0,7610096;-0,1032746
0,7094944;0,7610096;-0,1032746
0,7094944;0,7610096;-0,1032746
0,7094944;0,7610096;-0,1032746
0,7094944;0,7610096;-0,1032746
0,7094944;0,7610096;-0,1032746
0,7094944;0,7610096;-0,1032746
0,7094944;0,7610096;-0,1032746
0,7094944;0,7610096;-0,1032746
0,7094944;0,7610096;-0,1032746
0,7094944;0,7610096;-0,1032746
0,7094944;0,7610096;-0,1032746
0,5874203;0,4851222;-0,6386914
0,5874203;0,4851222;-0,6386914
0,5874203;0,4851222;-0,6386914
0,5874203;0,4851222;-0,6386914
0,5874203;0,4851222;-0,6386914
0,5874203;0,4851222;-0,6386914
0,5874203;0,4851222;-0,6386914
0,5874203;0,4851222;-0,6386914
0,5874203;0,4851222;-0,6386914
0,5874203;0,4851222;-0,6386914
0,4414197;0,7473373;-0,6074404
0,4414197;0,7473373;-0,6074404
0,4414197;0,7473373;-0,6074404
0,4414197;0,7473373;-0,6074404
0,4414197;0,7473373;-0,6074404
0,4414197;0,7473373;-0,6074404
0,4414197;0,7473373;-0,6074404
0,4414197;0,7473373;-0,6074404
0,4414197;0,7473373;-0,6074404
0,4414197;0,7473373;-0,6074404
0,4414197;0,7473373;-0,6074404
0,4414197;0,7473373;-0,6074404
0,4414197;0,7473373;-0,6074404
0,4414197;0,7473373;-0,6074404
0,4414197;0,7473373;-0,6074404
0,4414197;0,7473373;-0,6074404
0,3984497;0,8130131;-0,654561
0,3984497;0,8130131;-0,654561
0,3984497;0,8130131;-0,654561
0,3984497;0,8130131;-0,654561
0,3984497;0,8130131;-0,654561
0,3984497;0,8130131;-0,654561
0,3984497;0,8130131;-0,654561
0,3984497;0,8130131;-0,654561
0,3984497;0,8130131;-0,654561
0,3984497;0,8130131;-0,654561
0,3984497;0,8130131;-0,654561
0,3984497;0,8130131;-0,654561
0,3984497;0,8130131;-0,654561
0,3984497;0,8130131;-0,654561
0,2944426;0,7348857;-0,7429426
0,2944426;0,7348857;-0,7429426
0,2944426;0,7348857;-0,7429426
0,2944426;0,7348857;-0,7429426
0,2944426;0,7348857;-0,7429426
0,2944426;0,7348857;-0,7429426
0,2944426;0,7348857;-0,7429426
0,2944426;0,7348857;-0,7429426
0,2944426;0,7348857;-0,7429426
0,2944426;0,7348857;-0,7429426
0,2944426;0,7348857;-0,7429426
0,2944426;0,7348857;-0,7429426
0,2404859;0,7173071;-0,9599903
0,2404859;0,7173071;-0,9599903
0,2404859;0,7173071;-0,9599903
0,2404859;0,7173071;-0,9599903
0,2404859;0,7173071;-0,9599903
0,2404859;0,7173071;-0,9599903
0,2404859;0,7173071;-0,9599903
0,2404859;0,7173071;-0,9599903
0,2404859;0,7173071;-0,9599903
0,2404859;0,7173071;-0,9599903
0,2404859;0,7173071;-0,9599903
0,2404859;0,7173071;-0,9599903
0,2404859;0,7173071;-0,9599903
0,2404859;0,7173071;-0,9599903
0,2404859;0,7173071;-0,9599903
0,2404859;0,7173071;-0,9599903
0,225837;0,7336649;-0,8559831
0,225837;0,7336649;-0,8559831
0,225837;0,7336649;-0,8559831
0,225837;0,7336649;-0,8559831
0,225837;0,7336649;-0,8559831
0,225837;0,7336649;-0,8559831
0,225837;0,7336649;-0,8559831
0,225837;0,7336649;-0,8559831
0,225837;0,7336649;-0,8559831
0,225837;0,7336649;-0,8559831
0,225837;0,7336649;-0,8559831
0,225837;0,7336649;-0,8559831
0,1916562;0,6262398;-0,8613544
0,1916562;0,6262398;-0,8613544
0,1916562;0,6262398;-0,8613544
0,1916562;0,6262398;-0,8613544
0,1916562;0,6262398;-0,8613544
0,1916562;0,6262398;-0,8613544
0,1916562;0,6262398;-0,8613544
0,1916562;0,6262398;-0,8613544
0,1916562;0,6262398;-0,8613544
0,1916562;0,6262398;-0,8613544
0,1916562;0,6262398;-0,8613544
0,1916562;0,6262398;-0,8613544
0,1916562;0,6262398;-0,8613544
0,1916562;0,6262398;-0,8613544
0,1372112;0,6518754;-0,8174078
0,1372112;0,6518754;-0,8174078
0,1372112;0,6518754;-0,8174078
0,1372112;0,6518754;-0,8174078
0,1372112;0,6518754;-0,8174078
0,1372112;0,6518754;-0,8174078
0,1372112;0,6518754;-0,8174078
0,1372112;0,6518754;-0,8174078
0,1372112;0,6518754;-0,8174078
0,1372112;0,6518754;-0,8174078
0,1372112;0,6518754;-0,8174078
0,1372112;0,6518754;-0,8174078
0,05151524;0,4675436;-0,8027589
0,05151524;0,4675436;-0,8027589
0,05151524;0,4675436;-0,8027589
0,05151524;0,4675436;-0,8027589
0,05151524;0,4675436;-0,8027589
0,05151524;0,4675436;-0,8027589
0,05151524;0,4675436;-0,8027589
0,05151524;0,4675436;-0,8027589
0,05151524;0,4675436;-0,8027589
0,05151524;0,4675436;-0,8027589
0,05151524;0,4675436;-0,8027589
0,05151524;0,4675436;-0,8027589
0,05151524;0,4675436;-0,8027589
0,05151524;0,4675436;-0,8027589
0,05151524;0,4675436;-0,8027589
0,05151524;0,4675436;-0,8027589
0,05151524;0,4675436;-0,8027589
0,05151524;0,4675436;-0,8027589
0,05151524;0,4675436;-0,8027589
0,05151524;0,4675436;-0,8027589
0,05151524;0,4675436;-0,8027589
0,05151524;0,4675436;-0,8027589
0,05151524;0,4675436;-0,8027589
0,05151524;0,4675436;-0,8027589
0,05151524;0,4675436;-0,8027589
0,05151524;0,4675436;-0,8027589
0,05151524;0,4675436;-0,8027589
0,05151524;0,4675436;-0,8027589
0,05151524;0,4675436;-0,8027589
0,05151524;0,4675436;-0,8027589
0,02197333;0,7248756;-0,9687796
0,02197333;0,7248756;-0,9687796
0,02197333;0,7248756;-0,9687796
0,02197333;0,7248756;-0,9687796
0,02197333;0,7248756;-0,9687796
0,02197333;0,7248756;-0,9687796
0,02197333;0,7248756;-0,9687796
0,02197333;0,7248756;-0,9687796
0,02197333;0,7248756;-0,9687796
0,02197333;0,7248756;-0,9687796
0,02197333;0,7248756;-0,9687796
0,02197333;0,7248756;-0,9687796
0,02197333;0,7248756;-0,9687796
0,02197333;0,7248756;-0,9687796
-0,006103702;0,5805841;-1,004181
-0,006103702;0,5805841;-1,004181
-0,006103702;0,5805841;-1,004181
-0,006103702;0,5805841;-1,004181
-0,006103702;0,5805841;-1,004181
-0,006103702;0,5805841;-1,004181
-0,006103702;0,5805841;-1,004181
-0,006103702;0,5805841;-1,004181
-0,006103702;0,5805841;-1,004181
-0,006103702;0,5805841;-1,004181
-0,006103702;0,5805841;-1,004181
-0,006103702;0,5805841;-1,004181
-0,1027863;0,4543596;-1,094272
-0,1027863;0,4543596;-1,094272
-0,1027863;0,4543596;-1,094272
-0,1027863;0,4543596;-1,094272
-0,1027863;0,4543596;-1,094272
-0,1027863;0,4543596;-1,094272
-0,1027863;0,4543596;-1,094272
-0,1027863;0,4543596;-1,094272
-0,1027863;0,4543596;-1,094272
-0,1027863;0,4543596;-1,094272
-0,1027863;0,4543596;-1,094272
-0,1027863;0,4543596;-1,094272
-0,0441908;0,4668111;-1,030061
-0,0441908;0,4668111;-1,030061
-0,0441908;0,4668111;-1,030061
-0,0441908;0,4668111;-1,030061
-0,0441908;0,4668111;-1,030061
-0,0441908;0,4668111;-1,030061
-0,0441908;0,4668111;-1,030061
-0,0441908;0,4668111;-1,030061
-0,0441908;0,4668111;-1,030061
-0,0441908;0,4668111;-1,030061
-0,0441908;0,4668111;-1,030061
-0,0441908;0,4668111;-1,030061
-0,0441908;0,4668111;-1,030061
-0,0441908;0,4668111;-1,030061
-0,01709037;0,4116337;-0,9638966
-0,01709037;0,4116337;-0,9638966
-0,01709037;0,4116337;-0,9638966
-0,01709037;0,4116337;-0,9638966
-0,01709037;0,4116337;-0,9638966
-0,01709037;0,4116337;-0,9638966
-0,01709037;0,4116337;-0,9638966
-0,01709037;0,4116337;-0,9638966
-0,01709037;0,4116337;-0,9638966
-0,01709037;0,4116337;-0,9638966
-0,01709037;0,4116337;-0,9638966
-0,01709037;0,4116337;-0,9638966
-0,01709037;0,4116337;-0,9638966
-0,01709037;0,4116337;-0,9638966
-0,01709037;0,4116337;-0,9638966
-0,01709037;0,4116337;-0,9638966
-0,007324443;0,402356;-0,9214149
-0,007324443;0,402356;-0,9214149
-0,007324443;0,402356;-0,9214149
-0,007324443;0,402356;-0,9214149
-0,007324443;0,402356;-0,9214149
-0,007324443;0,402356;-0,9214149
-0,007324443;0,402356;-0,9214149
-0,007324443;0,402356;-0,9214149
-0,007324443;0,402356;-0,9214149
-0,007324443;0,402356;-0,9214149
-0,007324443;0,402356;-0,9214149
-0,007324443;0,402356;-0,9214149
0,01171911;0,4257942;-0,8977324
0,01171911;0,4257942;-0,8977324
0,01171911;0,4257942;-0,8977324
0,01171911;0,4257942;-0,8977324
0,01171911;0,4257942;-0,8977324
0,01171911;0,4257942;-0,8977324
0,01171911;0,4257942;-0,8977324
0,01171911;0,4257942;-0,8977324
0,01171911;0,4257942;-0,8977324
0,01171911;0,4257942;-0,8977324
0,01171911;0,4257942;-0,8977324
0,01171911;0,4257942;-0,8977324
0,01171911;0,4257942;-0,8977324
0,01171911;0,4257942;-0,8977324
0,01171911;0,4257942;-0,8977324
0,01171911;0,4257942;-0,8977324
0,0192877;0,4243294;-0,8498795
0,0192877;0,4243294;-0,8498795
0,0192877;0,4243294;-0,8498795
0,0192877;0,4243294;-0,8498795
0,0192877;0,4243294;-0,8498795
0,0192877;0,4243294;-0,8498795
0,0192877;0,4243294;-0,8498795
0,0192877;0,4243294;-0,8498795
0,0192877;0,4243294;-0,8498795
0,0192877;0,4243294;-0,8498795
0,0002441481;0,4463027;-0,8354747
0,0002441481;0,4463027;-0,8354747
0,0002441481;0,4463027;-0,8354747
0,0002441481;0,4463027;-0,8354747
0,0002441481;0,4463027;-0,8354747
0,0002441481;0,4463027;-0,8354747
0,0002441481;0,4463027;-0,8354747
0,0002441481;0,4463027;-0,8354747
0,0002441481;0,4463027;-0,8354747
0,0002441481;0,4463027;-0,8354747
0,0002441481;0,4463027;-0,8354747
0,0002441481;0,4463027;-0,8354747
-0,01049837;0,4875637;-0,8557391
-0,01049837;0,4875637;-0,8557391
-0,01049837;0,4875637;-0,8557391
-0,01049837;0,4875637;-0,8557391
-0,01049837;0,4875637;-0,8557391
-0,01049837;0,4875637;-0,8557391
-0,01049837;0,4875637;-0,8557391
-0,01049837;0,4875637;-0,8557391
-0,02880947;0,494644;-0,8259529
-0,02880947;0,494644;-0,8259529
-0,02880947;0,494644;-0,8259529
-0,02880947;0,494644;-0,8259529
-0,02880947;0,494644;-0,8259529
-0,02880947;0,494644;-0,8259529
-0,02880947;0,494644;-0,8259529
-0,02880947;0,494644;-0,8259529
-0,02880947;0,494644;-0,8259529
-0,02880947;0,494644;-0,8259529
-0,02880947;0,494644;-0,8259529
-0,02880947;0,494644;-0,8259529
-0,02880947;0,494644;-0,8259529
-0,02880947;0,494644;-0,8259529
-0,03466903;0,4709616;-0,8615986
-0,03466903;0,4709616;-0,8615986
-0,03466903;0,4709616;-0,8615986
-0,03466903;0,4709616;-0,8615986
-0,03466903;0,4709616;-0,8615986
-0,03466903;0,4709616;-0,8615986
-0,03466903;0,4709616;-0,8615986
-0,03466903;0,4709616;-0,8615986
-0,03466903;0,4709616;-0,8615986
-0,03466903;0,4709616;-0,8615986
-0,03466903;0,4709616;-0,8615986
-0,03466903;0,4709616;-0,8615986
-0,02368236;0,5075839;-0,9009064
-0,02368236;0,5075839;-0,9009064
-0,02368236;0,5075839;-0,9009064
-0,02368236;0,5075839;-0,9009064
-0,02368236;0,5075839;-0,9009064
-0,02368236;0,5075839;-0,9009064
-0,02368236;0,5075839;-0,9009064
-0,02368236;0,5075839;-0,9009064
-0,02368236;0,5075839;-0,9009064
-0,02368236;0,5075839;-0,9009064
-0,02368236;0,5075839;-0,9009064
-0,02368236;0,5075839;-0,9009064
0,02050844;0,4367809;-0,8418226
0,02050844;0,4367809;-0,8418226
0,02050844;0,4367809;-0,8418226
0,02050844;0,4367809;-0,8418226
0,02050844;0,4367809;-0,8418226
0,02050844;0,4367809;-0,8418226
0,02050844;0,4367809;-0,8418226
0,02050844;0,4367809;-0,8418226
0,02050844;0,4367809;-0,8418226
0,02050844;0,4367809;-0,8418226
0,04516739;0,4721824;-0,8948027
0,04516739;0,4721824;-0,8948027
0,04516739;0,4721824;-0,8948027
0,04516739;0,4721824;-0,8948027
0,04516739;0,4721824;-0,8948027
0,04516739;0,4721824;-0,8948027
0,04516739;0,4721824;-0,8948027
0,04516739;0,4721824;-0,8948027
0,04516739;0,4721824;-0,8948027
0,04516739;0,4721824;-0,8948027
0,08618427;0,497818;-1,107456
0,08618427;0,497818;-1,107456
0,08618427;0,497818;-1,107456
0,08618427;0,497818;-1,107456
0,08618427;0,497818;-1,107456
0,08618427;0,497818;-1,107456
0,08618427;0,497818;-1,107456
0,08618427;0,497818;-1,107456
0,08618427;0,497818;-1,107456
0,08618427;0,497818;-1,107456
0,08618427;0,497818;-1,107456
0,08618427;0,497818;-1,107456
0,09448531;0,4965972;-1,115024
0,09448531;0,4965972;-1,115024
0,09448531;0,4965972;-1,115024
0,09448531;0,4965972;-1,115024
0,09448531;0,4965972;-1,115024
0,09448531;0,4965972;-1,115024
0,09448531;0,4965972;-1,115024
0,09448531;0,4965972;-1,115024
0,09448531;0,4965972;-1,115024
0,09448531;0,4965972;-1,115024
0,09887997;0,532487;-1,098178
0,09887997;0,532487;-1,098178
0,09887997;0,532487;-1,098178
0,09887997;0,532487;-1,098178
0,09887997;0,532487;-1,098178
0,09887997;0,532487;-1,098178
0,09887997;0,532487;-1,098178
0,09887997;0,532487;-1,098178
0,09887997;0,532487;-1,098178
0,09887997;0,532487;-1,098178
0,09887997;0,532487;-1,098178
0,09887997;0,532487;-1,098178
0,09887997;0,532487;-1,098178
0,09887997;0,532487;-1,098178
-0,1259804;0,3613392;-1,23954
-0,1259804;0,3613392;-1,23954
-0,1259804;0,3613392;-1,23954
-0,1259804;0,3613392;-1,23954
-0,1259804;0,3613392;-1,23954
-0,1259804;0,3613392;-1,23954
-0,1259804;0,3613392;-1,23954
-0,1259804;0,3613392;-1,23954
-0,1259804;0,3613392;-1,23954
-0,1259804;0,3613392;-1,23954
-0,1977599;-0,007080295;-0,7844478
-0,1977599;-0,007080295;-0,7844478
-0,1977599;-0,007080295;-0,7844478
-0,1977599;-0,007080295;-0,7844478
-0,1977599;-0,007080295;-0,7844478
-0,1977599;-0,007080295;-0,7844478
-0,1977599;-0,007080295;-0,7844478
-0,1977599;-0,007080295;-0,7844478
-0,1977599;-0,007080295;-0,7844478
-0,1977599;-0,007080295;-0,7844478
0,619892;-0,5844905;0,1508835
0,619892;-0,5844905;0,1508835
0,619892;-0,5844905;0,1508835
0,619892;-0,5844905;0,1508835
0,619892;-0,5844905;0,1508835
0,619892;-0,5844905;0,1508835
0,619892;-0,5844905;0,1508835
0,619892;-0,5844905;0,1508835
0,619892;-0,5844905;0,1508835
0,619892;-0,5844905;0,1508835
0,619892;-0,5844905;0,1508835
0,619892;-0,5844905;0,1508835
0,619892;-0,5844905;0,1508835
0,619892;-0,5844905;0,1508835
0,4792627;-0,476577;0,05835139
0,4792627;-0,476577;0,05835139
0,4792627;-0,476577;0,05835139
0,4792627;-0,476577;0,05835139
0,4792627;-0,476577;0,05835139
0,4792627;-0,476577;0,05835139
0,4792627;-0,476577;0,05835139
0,4792627;-0,476577;0,05835139
0,4792627;-0,476577;0,05835139
0,4792627;-0,476577;0,05835139
0,4174932;-1,089389;-0,7531968
0,4174932;-1,089389;-0,7531968
0,4174932;-1,089389;-0,7531968
0,4174932;-1,089389;-0,7531968
0,4174932;-1,089389;-0,7531968
0,4174932;-1,089389;-0,7531968
0,4174932;-1,089389;-0,7531968
0,4174932;-1,089389;-0,7531968
0,4174932;-1,089389;-0,7531968
0,4174932;-1,089389;-0,7531968
0,4174932;-1,089389;-0,7531968
0,4174932;-1,089389;-0,7531968
0,4807276;-1,064241;-0,6435744
0,4807276;-1,064241;-0,6435744
0,4807276;-1,064241;-0,6435744
0,4807276;-1,064241;-0,6435744
0,4807276;-1,064241;-0,6435744
0,4807276;-1,064241;-0,6435744
0,4807276;-1,064241;-0,6435744
0,4807276;-1,064241;-0,6435744
0,4807276;-1,064241;-0,6435744
0,4807276;-1,064241;-0,6435744
0,4807276;-1,064241;-0,6435744
0,4807276;-1,064241;-0,6435744
0,4807276;-1,064241;-0,6435744
0,4807276;-1,064241;-0,6435744
0,4497207;-0,8176519;-0,4585101
0,4497207;-0,8176519;-0,4585101
0,4497207;-0,8176519;-0,4585101
0,4497207;-0,8176519;-0,4585101
0,4497207;-0,8176519;-0,4585101
0,4497207;-0,8176519;-0,4585101
0,4497207;-0,8176519;-0,4585101
0,4497207;-0,8176519;-0,4585101
0,4497207;-0,8176519;-0,4585101
0,4497207;-0,8176519;-0,4585101
0,3877071;-0,6023133;-0,651143
0,3877071;-0,6023133;-0,651143
0,3877071;-0,6023133;-0,651143
0,3877071;-0,6023133;-0,651143
0,3877071;-0,6023133;-0,651143
0,3877071;-0,6023133;-0,651143
0,3877071;-0,6023133;-0,651143
0,3877071;-0,6023133;-0,651143
0,3877071;-0,6023133;-0,651143
0,3877071;-0,6023133;-0,651143
0,3877071;-0,6023133;-0,651143
0,3877071;-0,6023133;-0,651143
0,3754998;-0,6631062;-0,6897183
0,3754998;-0,6631062;-0,6897183
0,3754998;-0,6631062;-0,6897183
0,3754998;-0,6631062;-0,6897183
0,3754998;-0,6631062;-0,6897183
0,3754998;-0,6631062;-0,6897183
0,3754998;-0,6631062;-0,6897183
0,3754998;-0,6631062;-0,6897183
0,3754998;-0,6631062;-0,6897183
0,3754998;-0,6631062;-0,6897183
0,3842891;-0,5131993;-0,7021699
0,3842891;-0,5131993;-0,7021699
0,3842891;-0,5131993;-0,7021699
0,3842891;-0,5131993;-0,7021699
0,3842891;-0,5131993;-0,7021699
0,3842891;-0,5131993;-0,7021699
0,3842891;-0,5131993;-0,7021699
0,3842891;-0,5131993;-0,7021699
0,3842891;-0,5131993;-0,7021699
0,3842891;-0,5131993;-0,7021699
0,3847774;-0,4792627;-0,6767785
0,3847774;-0,4792627;-0,6767785
0,3847774;-0,4792627;-0,6767785
0,3847774;-0,4792627;-0,6767785
0,3847774;-0,4792627;-0,6767785
0,3847774;-0,4792627;-0,6767785
0,3847774;-0,4792627;-0,6767785
0,3847774;-0,4792627;-0,6767785
0,3847774;-0,4792627;-0,6767785
0,3847774;-0,4792627;-0,6767785
0,3847774;-0,4792627;-0,6767785
0,3847774;-0,4792627;-0,6767785
0,3952757;-0,5066072;-0,7639393
0,3952757;-0,5066072;-0,7639393
0,3952757;-0,5066072;-0,7639393
0,3952757;-0,5066072;-0,7639393
0,3952757;-0,5066072;-0,7639393
0,3952757;-0,5066072;-0,7639393
0,3952757;-0,5066072;-0,7639393
0,3952757;-0,5066072;-0,7639393
0,3952757;-0,5066072;-0,7639393
0,3952757;-0,5066072;-0,7639393
0,3952757;-0,5066072;-0,7639393
0,3952757;-0,5066072;-0,7639393
0,3730583;-0,4719383;-0,7729728
0,3730583;-0,4719383;-0,7729728
0,3730583;-0,4719383;-0,7729728
0,3730583;-0,4719383;-0,7729728
0,3730583;-0,4719383;-0,7729728
0,3730583;-0,4719383;-0,7729728
0,3730583;-0,4719383;-0,7729728
0,3730583;-0,4719383;-0,7729728
0,3730583;-0,4719383;-0,7729728
0,3730583;-0,4719383;-0,7729728
0,3730583;-0,4719383;-0,7729728
0,3730583;-0,4719383;-0,7729728
0,3730583;-0,4719383;-0,7729728
0,3730583;-0,4719383;-0,7729728
0,3794061;-0,4741355;-0,7610096
0,3794061;-0,4741355;-0,7610096
0,3794061;-0,4741355;-0,7610096
0,3794061;-0,4741355;-0,7610096
0,3794061;-0,4741355;-0,7610096
0,3794061;-0,4741355;-0,7610096
0,3794061;-0,4741355;-0,7610096
0,3794061;-0,4741355;-0,7610096
0,3794061;-0,4741355;-0,7610096
0,3794061;-0,4741355;-0,7610096
0,3867306;-0,5039216;-0,7300028
0,3867306;-0,5039216;-0,7300028
0,3867306;-0,5039216;-0,7300028
0,3867306;-0,5039216;-0,7300028
0,3867306;-0,5039216;-0,7300028
0,3867306;-0,5039216;-0,7300028
0,3867306;-0,5039216;-0,7300028
0,3867306;-0,5039216;-0,7300028
0,3867306;-0,5039216;-0,7300028
0,3867306;-0,5039216;-0,7300028
0,3947875;-0,4638814;-0,6909391
0,3947875;-0,4638814;-0,6909391
0,3947875;-0,4638814;-0,6909391
0,3947875;-0,4638814;-0,6909391
0,3947875;-0,4638814;-0,6909391
0,3947875;-0,4638814;-0,6909391
0,3947875;-0,4638814;-0,6909391
0,3947875;-0,4638814;-0,6909391
0,3947875;-0,4638814;-0,6909391
0,3947875;-0,4638814;-0,6909391
0,3947875;-0,4638814;-0,6909391
0,3947875;-0,4638814;-0,6909391
0,3945433;-0,3508408;-0,5903501
0,3945433;-0,3508408;-0,5903501
0,3945433;-0,3508408;-0,5903501
0,3945433;-0,3508408;-0,5903501
0,3945433;-0,3508408;-0,5903501
0,3945433;-0,3508408;-0,5903501
0,3945433;-0,3508408;-0,5903501
0,3945433;-0,3508408;-0,5903501
0,3945433;-0,3508408;-0,5903501
0,3945433;-0,3508408;-0,5903501
0,3945433;-0,3508408;-0,5903501
0,3945433;-0,3508408;-0,5903501
0,3945433;-0,3508408;-0,5903501
0,3945433;-0,3508408;-0,5903501
0,3603626;-0,258797;-0,8039796
0,3603626;-0,258797;-0,8039796
0,3603626;-0,258797;-0,8039796
0,3603626;-0,258797;-0,8039796
0,3603626;-0,258797;-0,8039796
0,3603626;-0,258797;-0,8039796
0,3603626;-0,258797;-0,8039796
0,3603626;-0,258797;-0,8039796
0,3603626;-0,258797;-0,8039796
0,3603626;-0,258797;-0,8039796
0,2963958;-0,128666;-0,8913846
0,2963958;-0,128666;-0,8913846
0,2963958;-0,128666;-0,8913846
0,2963958;-0,128666;-0,8913846
0,2963958;-0,128666;-0,8913846
0,2963958;-0,128666;-0,8913846
0,2963958;-0,128666;-0,8913846
0,2963958;-0,128666;-0,8913846
0,2963958;-0,128666;-0,8913846
0,2963958;-0,128666;-0,8913846
0,2963958;-0,128666;-0,8913846
0,2963958;-0,128666;-0,8913846
0,2963958;-0,128666;-0,8913846
0,2963958;-0,128666;-0,8913846
0,2963958;-0,128666;-0,8913846
0,2963958;-0,128666;-0,8913846
0,242439;0,2263253;-0,8479263
0,242439;0,2263253;-0,8479263
0,242439;0,2263253;-0,8479263
0,242439;0,2263253;-0,8479263
0,242439;0,2263253;-0,8479263
0,242439;0,2263253;-0,8479263
0,242439;0,2263253;-0,8479263
0,242439;0,2263253;-0,8479263
0,242439;0,2263253;-0,8479263
0,242439;0,2263253;-0,8479263
0,242439;0,2263253;-0,8479263
0,242439;0,2263253;-0,8479263
0,2273019;0,3181249;-1,022248
0,2273019;0,3181249;-1,022248
0,2273019;0,3181249;-1,022248
0,2273019;0,3181249;-1,022248
0,2273019;0,3181249;-1,022248
0,2273019;0,3181249;-1,022248
0,2273019;0,3181249;-1,022248
0,2273019;0,3181249;-1,022248
0,2273019;0,3181249;-1,022248
0,2273019;0,3181249;-1,022248
0,2273019;0,3181249;-1,022248
0,2273019;0,3181249;-1,022248
0,2273019;0,3181249;-1,022248
0,2273019;0,3181249;-1,022248
0,1242714;0,4350719;-0,9995422
0,1242714;0,4350719;-0,9995422
0,1433149;0,6687216;-0,6946013
0,1433149;0,6687216;-0,6946013
0,1433149;0,6687216;-0,6946013
0,1433149;0,6687216;-0,6946013
0,1433149;0,6687216;-0,6946013
0,1433149;0,6687216;-0,6946013
0,1433149;0,6687216;-0,6946013
0,1433149;0,6687216;-0,6946013
0,1433149;0,6687216;-0,6946013
0,1433149;0,6687216;-0,6946013
0,1433149;0,6687216;-0,6946013
0,1433149;0,6687216;-0,6946013
0,1306192;0,7624744;-0,6994842
0,1306192;0,7624744;-0,6994842
0,1306192;0,7624744;-0,6994842
0,1306192;0,7624744;-0,6994842
0,1306192;0,7624744;-0,6994842
0,1306192;0,7624744;-0,6994842
0,1306192;0,7624744;-0,6994842
0,1306192;0,7624744;-0,6994842
0,1306192;0,7624744;-0,6994842
0,1306192;0,7624744;-0,6994842
0,1306192;0,7624744;-0,6994842
0,1306192;0,7624744;-0,6994842
0,1445357;0,6982635;-0,8305917
0,1445357;0,6982635;-0,8305917
0,1445357;0,6982635;-0,8305917
0,1445357;0,6982635;-0,8305917
0,1445357;0,6982635;-0,8305917
0,1445357;0,6982635;-0,8305917
0,1445357;0,6982635;-0,8305917
0,1445357;0,6982635;-0,8305917
0,1445357;0,6982635;-0,8305917
0,1445357;0,6982635;-0,8305917
0,1445357;0,6982635;-0,8305917
0,1445357;0,6982635;-0,8305917
0,146733;0,6059756;-0,7927488
0,146733;0,6059756;-0,7927488
0,146733;0,6059756;-0,7927488
0,146733;0,6059756;-0,7927488
0,146733;0,6059756;-0,7927488
0,146733;0,6059756;-0,7927488
0,146733;0,6059756;-0,7927488
0,146733;0,6059756;-0,7927488
0,146733;0,6059756;-0,7927488
0,146733;0,6059756;-0,7927488
0,1506394;0,600116;-0,7426984
0,1506394;0,600116;-0,7426984
0,1506394;0,600116;-0,7426984
0,1506394;0,600116;-0,7426984
0,1506394;0,600116;-0,7426984
0,1506394;0,600116;-0,7426984
0,1506394;0,600116;-0,7426984
0,1506394;0,600116;-0,7426984
0,1506394;0,600116;-0,7426984
0,1506394;0,600116;-0,7426984
0,1481979;0,5549486;-0,8183843
0,1481979;0,5549486;-0,8183843
0,1481979;0,5549486;-0,8183843
0,1481979;0,5549486;-0,8183843
0,1481979;0,5549486;-0,8183843
0,1481979;0,5549486;-0,8183843
0,1481979;0,5549486;-0,8183843
0,1481979;0,5549486;-0,8183843
0,1481979;0,5549486;-0,8183843
0,1481979;0,5549486;-0,8183843
0,1481979;0,5549486;-0,8183843
0,1481979;0,5549486;-0,8183843
0,1223182;0,5818049;-0,8447524
0,1223182;0,5818049;-0,8447524
0,1223182;0,5818049;-0,8447524
0,1223182;0,5818049;-0,8447524
0,1223182;0,5818049;-0,8447524
0,1223182;0,5818049;-0,8447524
0,1223182;0,5818049;-0,8447524
0,1223182;0,5818049;-0,8447524
0,1223182;0,5818049;-0,8447524
0,1223182;0,5818049;-0,8447524
0,1223182;0,5818049;-0,8447524
0,1223182;0,5818049;-0,8447524
0,1223182;0,5864437;-0,8159428
0,1223182;0,5864437;-0,8159428
0,1223182;0,5864437;-0,8159428
0,1223182;0,5864437;-0,8159428
0,1223182;0,5864437;-0,8159428
0,1223182;0,5864437;-0,8159428
0,1223182;0,5864437;-0,8159428
0,1223182;0,5864437;-0,8159428
0,1223182;0,5864437;-0,8159428
0,1223182;0,5864437;-0,8159428
0,1223182;0,5864437;-0,8159428
0,1223182;0,5864437;-0,8159428
